name,category
Tomato,produce
Banana,fruits
Orange,fruits
Carrot,produce
Potato,produce
Cucumber,produce
Milk,dairy
Quark,dairy
Eggs,dairy
Butter,dairy
Cheddar,cheese
Minced beef,meat
Chicken fillet strips,meat
Salmon,fish
Rye bread,bread
Karelian pasty,bread
Oat drink,beverages
Apple juice,beverages
Crisps,snacks
Coffee,pantry
White bread,bread
Apple,fruits
Milk chocolate with hazelnuts,snacks
Drinking yoghurt,dairy
Gouda,cheese
Dish soap,household
Natural yoghurt,dairy
Chocolate chip cookies,snacks
Chocolate ice cream,frozen
Grapes,fruits
Entrecôte,meat
Plum tomatoes,produce
Mini bell peppers,produce
Parsnip,produce
Foam hand soap,household
Broccoli,produce
Tampons,household
Sauerkraut,produce
Beetroot hummus,condiments
Lactose-free milk drink,dairy
Apple sauce,condiments
Mango,fruits
Feta,cheese
Pomegranate,fruits
Taco sauce,condiments
Crème fraîche,dairy
Tortilla chips,snacks
Bacon,meat
Keisarinna cheese,cheese
Compost bags,household
Bin bags,household
Rye crispbread,bread
Potato sticks,snacks
Olive oil,pantry
Green apple,fruits
Pear,fruits
Laundry rinse vinegar,household
Liquid soap,household
Sweet chili dip,condiments
Sponge cloth,household
Kitchen cleaning spray,household
All-purpose cleaner,household
Glögi,beverages
Turkish yoghurt,dairy
Red onion,produce
Lettuce,produce
Tomato puree,pantry
Multivitamin,household
Lime,fruits
Mozzarella,cheese
Wheat flour,pantry
Sour cream,dairy
Parsley,produce
Cherry tomatoes,produce
Margarine,dairy
Whipping cream,dairy
Viili,dairy
Cottage cheese,cheese
Emmental,cheese
Blue cheese,cheese
Buttermilk,dairy
Skyr,dairy
Baguette,bread
Croissant,bread
Bagel,bread
Pretzel,bread
Pita bread,bread
Tortilla wraps,bread
Cinnamon bun,bread
Toast bread,bread
Pancakes,frozen
Sausage,meat
Hot dog sausages,meat
Sliced ham,meat
Pork chops,meat
Whole chicken,meat
Chicken drumsticks,meat
Meatballs,meat
Reindeer sauté,meat
Rainbow trout,fish
Baltic herring,fish
Pickled herring,fish
Shrimp,fish
Canned tuna,fish
Fish fingers,frozen
Squid,fish
Oysters,fish
Onion,produce
Garlic,produce
Bell pepper,produce
Avocado,produce
Sweet corn,produce
Mushrooms,produce
Chanterelles,produce
Swede,produce
Cabbage,produce
Spinach,produce
Leek,produce
Zucchini,produce
Aubergine,produce
Ginger,produce
Chili pepper,produce
Frozen peas,frozen
Kidney beans,pantry
Dill,produce
Olives,condiments
Sweet potato,produce
Lemon,fruits
Strawberries,fruits
Blueberries,fruits
Lingonberries,fruits
Raspberries,fruits
Watermelon,fruits
Melon,fruits
Pineapple,fruits
Kiwi,fruits
Peach,fruits
Cherries,fruits
Coconut,fruits
Mandarin,fruits
Rice,pantry
Spaghetti,pantry
Porridge oats,pantry
Sugar,pantry
Salt,pantry
Honey,pantry
Peanuts,snacks
Chestnuts,snacks
Tea,beverages
Popcorn,snacks
Chocolate bar,snacks
Salty liquorice,snacks
Lollipop,snacks
Canned tomatoes,pantry
Instant noodles,pantry
Ketchup,condiments
Mustard,condiments
Mayonnaise,condiments
Strawberry jam,condiments
Orange juice,beverages
Beer,beverages
Red wine,beverages
Sparkling wine,beverages
Mineral water,beverages
Cola,beverages
Yerba mate,beverages
Frozen pizza,frozen
Sushi,ready_meals
Dumplings,frozen
Falafel,ready_meals
Lasagne,ready_meals
Burrito,ready_meals
Hamburger,ready_meals
Liver casserole,ready_meals
Ice cubes,frozen
Doughnut,bread
Cupcake,bread
Toilet paper,household
Kitchen roll,household
Toothbrush,household
Toothpaste,household
Shampoo,household
Candles,household
Batteries,household
Dish sponge,household
Laundry detergent,household
Light bulb,household
Painkillers,household
Plasters,household
Cut flowers,household
Pickles,condiments
